Flow Duration,Total Fwd Packets,Total Backward Packets,Destination Port,Flow Bytes/s,Packet Length Mean,Label
1200,8,7,80,14500.5,512.4,BENIGN
2300,12,11,443,18200.2,620.1,BENIGN
800,5,4,53,4200.8,180.3,BENIGN
5400,20,18,22,9600.4,410.7,BENIGN
1700,9,8,80,15100.1,530.2,BENIGN
3100,15,14,443,17500.7,605.5,BENIGN
900,6,5,53,3900.6,165.8,BENIGN
4600,18,16,22,10200.9,430.6,BENIGN
2500,11,10,80,16000.3,550.8,BENIGN
3800,16,15,443,19000.4,640.2,BENIGN
45,120,3,4444,850000.0,75.2,DDoS
60,150,2,80,920000.0,68.4,DDoS
90,110,4,8080,710000.0,82.7,DDoS
300,65,1,22,460000.0,95.3,PortScan
250,72,2,23,510000.0,88.1,PortScan
180,90,1,3389,625000.0,91.5,PortScan
420,35,30,21,210000.0,740.6,FTP-Patator
500,40,32,22,230000.0,780.4,SSH-Patator
700,55,45,80,185000.0,690.8,Web Attack
650,48,39,443,172000.0,675.9,Web Attack
